<?xml version="1.0" encoding="ISO-8859-1"?>
<CitySim name="New project">
	<Simulation beginMonth="1" endMonth="12" beginDay="1" endDay="31"/>
	<Climate location="Climatefile\DRYCOLD3.cli" city="Denver"/>
	<District>
		<FarFieldObstructions>
			<Point phi="0.0" theta="0.0"/>
			<Point phi="360.0" theta="0.0"/>
		</FarFieldObstructions>
		<WallType id="1" name="LightWall" category="wall">
            <Layer Thickness="0.009" Name="Wood Siding" Density="530" Cp="900" Conductivity="0.14"/>
            <Layer Thickness="0.066" Name="Fibreglass Quilt" Density="12" Cp="840" Conductivity="0.04"/>
            <Layer Thickness="0.012" Name="Plaster board" Density="950" Cp="840" Conductivity="0.16"/>
 		</WallType>
		<WallType id="6" name="LightRoof" category="roof">
			<Layer Thickness="0.019" Name="Roofdeck" Density="530" Cp="900" Conductivity="0.14"/>
            <Layer Thickness="0.1118" Name="Fibreglass Quilt" Density="12" Cp="840" Conductivity="0.04"/>
            <Layer Thickness="0.01" Name="Plaster board" Density="950" Cp="840" Conductivity="0.16"/>
 		</WallType>
		<WallType id="8" name="LightFloor" category="floor">
            <Layer Thickness="1.003" Name="Insulation" Density="1" Cp="100" Conductivity="0.04"/>
			<Layer Thickness="0.025" Name="TimberFlooring" Density="650" Cp="1200" Conductivity="0.14"/>
		</WallType>
		<GroundType id="10101018" name="Asphalt Road">
			<Layer Thickness="0.025" Conductivity="0.75" Cp="920.0" Density="2360.0"/>
			<Layer Thickness="0.02" Conductivity="0.5" Cp="828.0" Density="1300.0"/>
			<Layer Thickness="0.1" Conductivity="0.7" Cp="936.0" Density="1800.0"/>
			<Layer Thickness="3.855" Conductivity="3.4" Cp="936.0" Density="2200.0"/>
		</GroundType>

		<OccupancyDayProfile id="1" name="House SIA2024" color="-39373" p1="1.0" p2="1.0" p3="1.0" p4="1.0" p5="1.0" p6="1.0" p7="1" p8="1" p9="1" p10="1" p11="1" p12="1" p13="1" p14="1" p15="1.0" p16="1.0" p17="1.0" p18="1.0" p19="1.0" p20="1.0" p21="1.0" p22="1.0" p23="1.0" p24="1.0"/>
		<OccupancyYearProfile id="1" name="Year Profile House" color="-39322" d1="1" d2="1" d3="1" d4="1" d5="1" d6="1" d7="1" d8="1" d9="1" d10="1" d11="1" d12="1" d13="1" d14="1" d15="1" d16="1" d17="1" d18="1" d19="1" d20="1" d21="1" d22="1" d23="1" d24="1" d25="1" d26="1" d27="1" d28="1" d29="1" d30="1" d31="1" d32="1" d33="1" d34="1" d35="1" d36="1" d37="1" d38="1" d39="1" d40="1" d41="1" d42="1" d43="1" d44="1" d45="1" d46="1" d47="1" d48="1" d49="1" d50="1" d51="1" d52="1" d53="1" d54="1" d55="1" d56="1" d57="1" d58="1" d59="1" d60="1" d61="1" d62="1" d63="1" d64="1" d65="1" d66="1" d67="1" d68="1" d69="1" d70="1" d71="1" d72="1" d73="1" d74="1" d75="1" d76="1" d77="1" d78="1" d79="1" d80="1" d81="1" d82="1" d83="1" d84="1" d85="1" d86="1" d87="1" d88="1" d89="1" d90="1" d91="1" d92="1" d93="1" d94="1" d95="1" d96="1" d97="1" d98="1" d99="1" d100="1" d101="1" d102="1" d103="1" d104="1" d105="1" d106="1" d107="1" d108="1" d109="1" d110="1" d111="1" d112="1" d113="1" d114="1" d115="1" d116="1" d117="1" d118="1" d119="1" d120="1" d121="1" d122="1" d123="1" d124="1" d125="1" d126="1" d127="1" d128="1" d129="1" d130="1" d131="1" d132="1" d133="1" d134="1" d135="1" d136="1" d137="1" d138="1" d139="1" d140="1" d141="1" d142="1" d143="1" d144="1" d145="1" d146="1" d147="1" d148="1" d149="1" d150="1" d151="1" d152="1" d153="1" d154="1" d155="1" d156="1" d157="1" d158="1" d159="1" d160="1" d161="1" d162="1" d163="1" d164="1" d165="1" d166="1" d167="1" d168="1" d169="1" d170="1" d171="1" d172="1" d173="1" d174="1" d175="1" d176="1" d177="1" d178="1" d179="1" d180="1" d181="1" d182="1" d183="1" d184="1" d185="1" d186="1" d187="1" d188="1" d189="1" d190="1" d191="1" d192="1" d193="1" d194="1" d195="1" d196="1" d197="1" d198="1" d199="1" d200="1" d201="1" d202="1" d203="1" d204="1" d205="1" d206="1" d207="1" d208="1" d209="1" d210="1" d211="1" d212="1" d213="1" d214="1" d215="1" d216="1" d217="1" d218="1" d219="1" d220="1" d221="1" d222="1" d223="1" d224="1" d225="1" d226="1" d227="1" d228="1" d229="1" d230="1" d231="1" d232="1" d233="1" d234="1" d235="1" d236="1" d237="1" d238="1" d239="1" d240="1" d241="1" d242="1" d243="1" d244="1" d245="1" d246="1" d247="1" d248="1" d249="1" d250="1" d251="1" d252="1" d253="1" d254="1" d255="1" d256="1" d257="1" d258="1" d259="1" d260="1" d261="1" d262="1" d263="1" d264="1" d265="1" d266="1" d267="1" d268="1" d269="1" d270="1" d271="1" d272="1" d273="1" d274="1" d275="1" d276="1" d277="1" d278="1" d279="1" d280="1" d281="1" d282="1" d283="1" d284="1" d285="1" d286="1" d287="1" d288="1" d289="1" d290="1" d291="1" d292="1" d293="1" d294="1" d295="1" d296="1" d297="1" d298="1" d299="1" d300="1" d301="1" d302="1" d303="1" d304="1" d305="1" d306="1" d307="1" d308="1" d309="1" d310="1" d311="1" d312="1" d313="1" d314="1" d315="1" d316="1" d317="1" d318="1" d319="1" d320="1" d321="1" d322="1" d323="1" d324="1" d325="1" d326="1" d327="1" d328="1" d329="1" d330="1" d331="1" d332="1" d333="1" d334="1" d335="1" d336="1" d337="1" d338="1" d339="1" d340="1" d341="1" d342="1" d343="1" d344="1" d345="1" d346="1" d347="1" d348="1" d349="1" d350="1" d351="1" d352="1" d353="1" d354="1" d355="1" d356="1" d357="1" d358="1" d359="1" d360="1" d361="1" d362="1" d363="1" d364="1" d365="1"/>

		<Building Name="Building_16" id="16" key="2" Vi="129.6" Ninf="0" Tmin="20.0" Tmax="20.0" Simulate="true" BlindsLambda="0.25" BlindsIrradianceCutOff="2000">
			<HeatTank id="1" name="default Heat Tank 1" brand="Rack" model="RTB-25" Cp="4180.0" V="0.01" phi="20.0" rho="1000.0" Tmin="20.0" Tmax="35.0"/>
			<CoolTank id="2" name="default Cool Tank 1" brand="Unknown" model="Unknown" Cp="4180.0" V="0.01" phi="20.0" rho="1000.0" Tmin="5.0" Tmax="20.0"/>
			<HeatSource beginDay="1" endDay="365">
				<Boiler eta_th="1" Pmax="1.0E7"/>
			</HeatSource>
			<CoolSource beginDay="1" endDay="365">
				<HeatPump Pmax="1.0E7" Tsource="ground" Ttarget="35.0" alpha="0.07" depth="5.0" eta_tech="0.3" position="vertical" z1="10.0" cop="4.1" isHeat="true" isCool="false"/>
			</CoolSource>
			<Zone id="1" volume="129.6" psi="0.0" groundFloor="true">
				<Occupants n="0" type="1"/>
				<Floor id="17" Area="48.0" type="8">
					<V0 x="0.0" y="6.0" z="0.0"/>
					<V1 x="8.0" y="6.0" z="0.0"/>
					<V2 x="8.0" y="0.0" z="0.0"/>
					<V3 x="0.0" y="0.0" z="0.0"/>
				</Floor>
				<Roof id="18" Area="48.0" GlazingRatio="0" GlazingGValue="0.0098" GlazingUValue="2.90190" ShortWaveReflectance="0.9" LongWaveEmissivity="0.1"  type="6">
					<V0 x="0.0" y="0.0" z="2.7"/>
					<V1 x="8.0" y="0.0" z="2.7"/>
					<V2 x="8.0" y="6.0" z="2.7"/>
					<V3 x="0.0" y="6.0" z="2.7"/>
				</Roof>
				<Wall id="19" Area="21.6" GlazingRatio="0" GlazingGValue="0.0098" GlazingUValue="2.90190" ShortWaveReflectance="0.9" LongWaveEmissivity="0.1" type="1">
					<V0 x="8.0" y="6.0" z="0.0"/>
					<V1 x="0.0" y="6.0" z="0.0"/>
					<V2 x="0.0" y="6.0" z="2.7"/>
					<V3 x="8.0" y="6.0" z="2.7"/>
				</Wall>
				<Wall id="20" Area="16.2" GlazingRatio="0" GlazingGValue="0.0098" GlazingUValue="2.90190" ShortWaveReflectance="0.9" LongWaveEmissivity="0.1" type="1">
					<V0 x="8.0" y="0.0" z="0.0"/>
					<V1 x="8.0" y="6.0" z="0.0"/>
					<V2 x="8.0" y="6.0" z="2.7"/>
					<V3 x="8.0" y="0.0" z="2.7"/>
				</Wall>
				<Wall id="21" Area="21.6" GlazingRatio="0.55556" GlazingGValue="0.0098" GlazingUValue="2.90190" ShortWaveReflectance="0.9" LongWaveEmissivity="0.1" type="1">
					<V0 x="0.0" y="0.0" z="0.0"/>
					<V1 x="8.0" y="0.0" z="0.0"/>
					<V2 x="8.0" y="0.0" z="2.7"/>
					<V3 x="0.0" y="0.0" z="2.7"/>
				</Wall>
				<Wall id="22" Area="16.2" GlazingRatio="0" GlazingGValue="0.0098" GlazingUValue="2.90190" ShortWaveReflectance="0.9" LongWaveEmissivity="0.1" type="1">
					<V0 x="0.0" y="6.0" z="0.0"/>
					<V1 x="0.0" y="0.0" z="0.0"/>
					<V2 x="0.0" y="0.0" z="2.7"/>
					<V3 x="0.0" y="6.0" z="2.7"/>
				</Wall>
			</Zone>
		</Building>
		<GroundSurface id="10000000" ShortWaveReflectance="0.2">
		</GroundSurface>
	</District>
	<DefaultsBuildingParameters/>
</CitySim>
